num,id,symbol,name
1,bitcoin,btc,Bitcoin
2,litecoin,ltc,Litecoin
3,namecoin,nmc,Namecoin
4,terracoin,trc,Terracoin
5,peercoin,ppc,Peercoin
6,novacoin,nvc,Novacoin
7,feathercoin,ftc,Feathercoin
8,freicoin,frc,Freicoin
9,ixcoin,ixc,Ixcoin
10,digitalcoin,dgc,Digitalcoin
11,goldcoin,glc,Goldcoin
12,phoenixcoin,pxc,Phoenixcoin
13,primecoin,xpm,Primecoin
14,ripple,xrp,XRP
15,quark,qrk,Quark
16,zetacoin,zet,Zetacoin
17,public-index-network,pin,Public Index Network
18,unobtanium,uno,Unobtanium
19,deutsche-emark,dem,Deutsche eMark
20,dogecoin,doge,Dogecoin
21,diamond,dmd,Diamond
22,omni,omni,Omni
23,42-coin,42,42-coin
24,vertcoin,vtc,Vertcoin
25,digibyte,dgb,DigiByte
26,nyancoin,kat,KatKoyn
27,maxcoin,max,Maxcoin
28,dash,dash,Dash
29,counterparty,xcp,Counterparty
30,auroracoin,aur,Auroracoin
31,marscoin,mars,Marscoin
32,magic-internet-money,mim,Magic Internet Money
33,ufocoin,ufo,Uniform Fiscal Object
34,blackcoin,blk,BlackCoin
35,myriadcoin,xmy,Myriad
36,einsteinium,emc2,Einsteinium
37,monacoin,mona,MonaCoin
38,groestlcoin,grs,Groestlcoin
39,quebecoin,qbc,Quebecoin
40,maidsafecoin,emaid,MaidSafeCoin
41,bitcoin-plus,xbc,Bitcoin Plus
42,newyorkcoin,nyc,NewYorkCoin
43,pinkcoin,pink,Pinkcoin
44,monero,xmr,Monero
45,curecoin,cure,Curecoin
46,motocoin,moto,Motocoin
47,bytecoin,bcn,Bytecoin
48,nav-coin,nav,Navcoin
49,digitalnote,xdn,DigitalNote
50,stealthcoin,xst,Stealth
51,clams,clam,Clams
52,bitshares,bts,BitShares
53,viacoin,via,Viacoin
54,carboncoin,carbon,Carboncoin
55,cannabiscoin,cann,CannabisCoin
56,stellar,xlm,Stellar
57,syscoin,sys,Syscoin
58,ubiq,ubq,Ubiq
59,acoin,acoin,Acoin
60,globalboost,bsty,GlobalBoost-Y
61,verge,xvg,Verge
62,blocknet,block,Blocknet
63,crown,crw,Crown
64,gcn-coin,gcn,GCN Coin
65,okcash,ok,Okcash
66,nexus,nxs,Nexus
67,kobocoin,kobo,Kobocoin
68,bean-cash,bitb,Bean Cash
69,gridcoin-research,grc,Gridcoin
70,litedoge,ldoge,LiteDoge
71,songcoin,song,SongCoin
72,woodcoin,log,Woodcoin
73,nem,xem,NEM
74,neutron,ntrn,Neutron
75,neutron-3,ntrn,Neutron
76,bata,bta,Bata
77,ratecoin,xra,Ratecoin
78,bowscoin,bsc,BowsCoin
79,manna,manna,Manna
80,aeon,aeon,Aeon
81,ethereum,eth,Ethereum
82,siacoin,sc,Siacoin
83,bolivarcoin,boli,Bolivarcoin
84,pakcoin,pak,Pakcoin
85,expanse,exp,Expanse
86,sibcoin,sib,SIBCoin
87,swing,swing,Swing
88,paccoin,pac,PAC Protocol
89,radium,val,Validity
90,yocoin,yoc,Yocoin
91,salus,sls,SaluS
92,evil-coin,evil,Evil Coin
93,decred,dcr,Decred
94,pivx,pivx,PIVX
95,nevacoin,neva,NevaCoin
96,lisk,lsk,Lisk
97,steem,steem,Steem
98,aquariuscoin,arco,AquariusCoin
99,lanacoin,lana,LanaCoin
100,ponzicoin,ponzi,PonziCoin
101,citadel,ctl,Citadel
102,waves,waves,Waves
103,lbry-credits,lbc,LBRY Credits
104,putincoin,put,PUTinCoin
105,steem-dollars,sbd,Steem Dollars
106,ardor,ardr,Ardor
107,ethereum-classic,etc,Ethereum Classic
108,karbo,krb,Karbo
109,stratis,strax,Stratis
110,tajcoin,taj,TajCoin
111,nolimitcoin,nlc,NoLimitCoin
112,zcoin,firo,Firo
113,zcash,zec,Zcash
114,allsafe,asafe,AllSafe
115,hush,hush,Hush
116,pascalcoin,pasc,Pascal
117,byteball,gbyte,Obyte
118,jupiter,jup,Jupiter
119,spectrecoin,alias,Alias
120,komodo,kmd,Komodo
121,nano,xno,Nano
122,zero,zer,Zero
123,skycoin,sky,Skycoin
124,xtrabytes,xby,XTRABYTES
125,bitcore,btx,BitCore
126,qtum,qtum,Qtum
127,sumokoin,sumo,Sumokoin
128,zencash,zen,Horizen
129,metaverse-etp,etp,Metaverse ETP
130,aidos-kuneen,adk,Aidos Kuneen
131,quantum-resistant-ledger,qrl,Quantum Resistant Ledger
132,iota,miota,IOTA
133,dinastycoin,dcy,Dinastycoin
134,gxchain,gxc,GXChain
135,ergo,erg,Ergo
136,eos,eos,EOS
137,denarius,d,Denarius
138,wagerr,wgr,Wagerr
139,rupee,rup,Rupee
140,particl,part,Particl
141,smartcash,smart,SmartCash
142,bitcoin-cash,bch,Bitcoin Cash
143,oraclechain,oct,OracleChain
144,binancecoin,bnb,BNB
145,geysercoin,gsr,GeyserCoin
146,cream-2,cream,Cream
147,bytom,btm,Bytom
148,genesysgo-shadow,shdw,Shadow Token
149,deeponion,onion,DeepOnion
150,adshares,ads,Adshares
151,hshare,hc,HyperCash
152,nebulas,nas,Nebulas
153,biblepay,bbp,BiblePay
154,achain,act,Achain
155,litecoin-ultra,ltcu,LiteCoin Ultra
156,neblio,nebl,Neblio
157,tron,trx,TRON
158,kin,kin,Kin
159,colossuscoinxt,colx,ColossusXT
160,trezarcoin,tzc,TrezarCoin
161,bismuth,bis,Bismuth
162,cardano,ada,Cardano
163,tezos,xtz,Tezos
164,bitcoinz,btcz,BitcoinZ
165,aion,aion,Aion
166,amber,amb,AirDAO
167,bitcoin-gold,btg,Bitcoin Gold
168,icon,icx,ICON
169,electroneum,etn,Electroneum
170,phore,phr,Phore
171,innova,inn,Innova
172,ink,ink,Ink
173,bitcoin-diamond,bcd,Bitcoin Diamond
174,qbao,qbt,Qbao
175,social-send,send,Social Send
176,ignis,ignis,Ignis
177,filecoin,fil,Filecoin
178,bitcoinx,bcx,BitcoinX
179,yenten,ytn,YENTEN
180,wax,waxp,WAX
181,htmlcoin,html,HTMLCOIN
182,deepbrain-chain,dbc,DeepBrain Chain
183,lightning-bitcoin,lbtc,Lightning Bitcoin
184,lamden,tau,Lamden
185,high-performance-blockchain,hpb,High Performance Blockchain
186,waykichain,wicc,WaykiChain
187,polis,polis,Polis
188,bitcoin-god,god,Bitcoin God
189,bottos,bto,Bottos
190,iostoken,iost,IOST
191,theta-token,theta,Theta Network
192,sparks,spk,SparksPay
193,true-chain,true,TrueChain
194,zilliqa,zil,Zilliqa
195,matrix-ai-network,man,Matrix AI Network
196,garlicoin,grlc,Garlicoin
197,zeepin,zpt,Zeepin
198,bitwhite,btw,BitWhite
199,elastos,ela,Elastos
200,litecoin-cash,lcc,Litecoin Cash
201,poa-network,poa,POA Network
202,bittube,tube,BitTube
203,ontology,ont,Ontology
204,tomochain,tomo,TomoChain
205,ravencoin,rvn,Ravencoin
206,centrality,cennz,CENNZnet
207,bitcoin-green,bitg,Bitcoin Green
208,wanchain,wan,Wanchain
209,xdce-crowd-sale,xdc,XDC Network
210,cortex,ctxc,Cortex
211,dero,dero,Dero
212,masari,msr,Masari
213,dock,dock,Dock
214,loki-network,oxen,Oxen
215,callisto,clo,Callisto Network
216,iotex,iotx,IoTeX
217,nkn,nkn,NKN
218,pchain,pi,Plian
219,futurocoin,fto,FuturoCoin
220,gochain,go,GoChain
221,constellation-labs,dag,Constellation
222,ternio,tern,Ternio
223,nimiq-2,nim,Nimiq
224,one-ledger,olt,OneLedger
225,turtlecoin,trtl,TurtleCoin
226,ryo,ryo,Ryo Currency
227,pigeoncoin,pgn,Pigeoncoin
228,vexanium,vex,Vexanium
229,niobio-cash,nbr,Niobio
230,privcy,priv,PRiVCY
231,kalkulus,klks,Kalkulus
232,zelcash,flux,Flux
233,euno,euno,EUNO
234,vechain,vet,VeChain
235,graviocoin,gio,Graviocoin
236,proximax,xpx,ProximaX
237,ethergem,egem,EtherGem
238,ttc-protocol,maro,Maro
239,nasdacoin,nsd,Nasdacoin
240,mib-coin,mib,MIB Coin
241,energi,nrg,Energi
242,amo,amo,AMO Coin
243,dinero,din,Dinero
244,iq-cash,iq,IQ.cash
245,birake,bir,Birake
246,x-cash,xcash,X-CASH
247,webchain,mintme,MintMe.com Coin
248,auxilium,aux,Auxilium
249,safeinsure,sins,SafeInsure
250,metadium,meta,Metadium
251,rapids,rpd,Rapids
252,divi,divi,Divi
253,ether-1,etho,Etho Protocol
254,plusonecoin,plus1,PlusOneCoin
255,telos-coin,telos,Teloscoin
256,fantom,ftm,Fantom
257,bitcoin-cash-sv,bsv,Bitcoin SV
258,ilcoin,ilc,ILCOIN
259,beacon,becn,Beacon
260,dogecash,dogec,DogeCash
261,content-value-network,cvnt,Conscious Value Network
262,adamant-messenger,adm,ADAMANT Messenger
263,grin,grin,Grin
264,lto-network,lto,LTO Network
265,experience-chain,xpc,eXPerience Chain
266,uplexa,upx,uPlexa
267,fetch-ai,fet,Fetch.ai
268,safe-coin-2,safe,SafeCoin
269,theta-fuel,tfuel,Theta Fuel
270,veriblock,vbk,VeriBlock
271,otocash,oto,OTOCASH
272,multivac,mtv,MultiVAC
273,iris-network,iris,IRISnet
274,swap,xwp,Swap
275,matic-network,matic,Polygon
276,axe,axe,Axe
277,bitcash,bitc,BitCash
278,glitzkoin,gtn,GlitzKoin
279,merebel,meri,Merebel
280,safe-token,safe,Safe
281,thunder-token,tt,ThunderCore
282,harmony,one,Harmony
283,tera-smart-money,tera,TERA
284,pirate-chain,arrr,Pirate Chain
285,aryacoin,aya,Aryacoin
286,bitcoin-2,btc2,Bitcoin 2
287,bitcoin-confidential,bc,Bitcoin Confidential
288,beldex,bdx,Beldex
289,coti,coti,COTI
290,zenon-2,znn,Zenon
291,spectresecuritycoin,xspc,SpectreSecurityCoin
292,mobile-crypto-pay-coin,mcpc,Mobile Crypto Pay Coin
293,devault,dvt,DeVault
294,motacoin,mota,MotaCoin
295,algorand,algo,Algorand
296,fibos,fo,FIBOS
297,siaprime-coin,scp,ScPrime
298,vindax-coin,vd,VinDax Coin
299,sapphire,sapp,Sapphire
300,cca,cca,CCA
301,ycash,yec,Ycash
302,chainx,pcx,ChainX
303,enq-enecuum,enq,Enecuum
304,findora,fra,Findora
305,klay-token,klay,Klaytn
306,sucrecoin,xsr,Sucrecoin
307,bitcanna,bcna,BitCanna
308,newyork-exchange,nye,NewYork Exchange
309,solar,solar,Solar
310,zenzo,znz,ZENZO
311,vidulum,vdl,Vidulum
312,myce,yce,MYCE
313,daikicoin,dic,Daikicoin
314,exchangecoin,excc,ExchangeCoin
315,bitica-coin,bdcc,BITICA COIN
316,piratecash,pirate,PirateCash
317,secure-cash,scsx,Secure Cash
318,flits,fls,Flits
319,link,fnsa,FINSCHIA
320,lightyears,year,Lightyears
321,01coin,zoc,01coin
322,flow,flow,Flow
323,digitalbits,xdb,DigitalBits
324,akoin,akn,Akoin
325,hedera-hashgraph,hbar,Hedera
326,publish,news,PUBLISH
327,telos,tlos,Telos
328,fydcoin,fyd,FYDcoin
329,zano,zano,Zano
330,banano,ban,Banano
331,velas,vlx,Velas
332,bitcoinv,btcv,BitcoinV
333,certik,ctk,Shentu
334,blockstack,stx,Stacks
335,the-forbidden-forest,forestplus,The Forbidden Forest
336,merge,merge,Merge
337,jd-coin,jdc,JD Coin
338,nervos-network,ckb,Nervos Network
339,zynecoin,zyn,Zynecoin
340,minter-network,bip,Minter Network
341,safecapital,scap,SafeCapital
342,kusama,ksm,Kusama
343,litecash,cash,Litecash
344,guapcoin,guap,Guapcoin
345,ipx-token,ipx,Tachyon Protocol
346,fredenergy,fred,FRED Energy
347,original-crypto-coin,tusc,The Universal Settlement Coin
348,documentchain,dms,Documentchain
349,nyzo,nyzo,Nyzo
350,bitcoin-vault,btcv,Bitcoin Vault
351,creditcoin-2,ctc,Creditcoin
352,gleec-coin,gleec,Gleec Coin
353,handshake,hns,Handshake
354,edgeware,edg,Edgeware
355,pay-coin,pci,Paycoin
356,zent-cash,ztc,Zent Cash
357,proton,xpr,Proton
358,hive,hive,Hive
359,hive_dollar,hbd,Hive Dollar
360,sonocoin,sono,SonoCoin
361,solana,sol,Solana
362,epic-cash,epic,Epic Cash
363,kardiachain,kai,KardiaChain
364,ghost-by-mcafee,ghost,Ghost
365,uca,uca,UCA Coin
366,martkist,martk,Martkist
367,tnc-coin,tnc,TNC Coin
368,hathor,htr,Hathor
369,celo,celo,Celo
370,levelg,levelg,LEVELG
371,pyrk,pyrk,Pyrk
372,secret,scrt,Secret
373,waykichain-governance-coin,wgrt,WaykiChain Governance Coin
374,arweave,ar,Arweave
375,ucrowdme,ucm,UCROWDME
376,kadena,kda,Kadena
377,helium,hnt,Helium
378,vectorium,vect,Vectorium
379,digidinar-token,ddrt,DigiDinar Token
380,ravencoin-classic,rvc,Ravencoin Classic
381,sorachancoin,sora,SorachanCoin
382,aave-link,alink,Aave LINK
383,aave-snx,asnx,Aave SNX
384,aave-mkr,amkr,Aave MKR
385,aave-busd,abusd,Aave BUSD
386,defichain,dfi,DeFiChain
387,avalanche-2,avax,Avalanche
388,bitcoinpos,btcs,BitcoinPoS
389,idena,idna,Idena
390,fio-protocol,fio,FIO Protocol
391,nextdao,nax,NextDAO
392,nervenetwork,nvt,NerveNetwork
393,meter,mtrg,Meter Governance
394,temtem,tem,Temtum
395,hupayx,hpx,HUPAYX
396,mobility-coin,mobic,Mobility Coin
397,serum,srm,Serum
398,axel,axel,AXEL
399,coalculus,coal,Coalculus
400,fashion-coin,fshn,Fashion Coin
401,jur,jur,Jur
402,itam-games,itam,ITAM Games
403,metacoin,mtc,Metacoin
404,ndau,ndau,Ndau
405,near,near,NEAR Protocol
406,rio-defi,rfuel,RioDeFi
407,zensports,sports,ZenSports
408,sbet,sbet,SBET
409,xfuel,xfuel,XFUEL
410,meter-stable,mtr,Meter Stable
411,polkadot,dot,Polkadot
412,ahatoken,aht,AhaToken
413,klever,klv,Klever
414,nexalt,xlt,Nexalt
415,centrifuge,cfg,Centrifuge
416,hydradx,hdx,HydraDX
417,polkaswap,pswap,Polkaswap
418,datahighway,dhx,DataHighway
419,equilibrium-token,eq,Equilibrium
420,joystream,joy,Joystream
421,kilt-protocol,kilt,KILT Protocol
422,moonbeam,glmr,Moonbeam
423,radicle,rad,Radworks
424,utopia,crp,Crypton
425,elrond-erd-2,egld,MultiversX
426,kira,kira,KIRA
427,reef,reef,Reef
428,ethup,ethup,ETHUP
429,gather,gth,Gather
430,unifi-protocol,up,UniFi Protocol
431,new-bitshares,nbs,New BitShares
432,terrausd,ustc,TerraClassicUSD
433,ultra-clear,ucr,Ultra Clear
434,starname,iov,Starname
435,jackpot,777,Jackpot
436,conflux-token,cfx,Conflux
437,centaur,cntr,Centaur
438,akash-network,akt,Akash Network
439,everscale,ever,Everscale
440,oraichain-token,orai,Oraichain
441,wemix-token,wemix,WEMIX
442,blurt,blurt,Blurt
443,bitcoiva,bca,Bitcoiva
444,gasp,gasp,gAsp
445,coral-swap,coral,Coral Swap
446,uniworld,unw,UniWorld
447,farmland-protocol,far,Farmland Protocol
448,lyra,lyr,Lyra
449,alaya,atp,Alaya
450,mobilecoin,mob,MobileCoin
451,sklay,sklay,sKLAY
452,flare-networks,flr,Flare
453,wanswap-2,wasp,WanSwap
454,amepay,ame,AME Chain
455,loon-network,loon,Loon Network
456,circleswap,cir,CircleSwap
457,knoxfs,kfx,KnoxFS
458,action-coin,actn,Action Coin
459,electra-protocol,xep,Electra Protocol
460,dequant,deq,Dequant
461,hydra,hydra,Hydra
462,oec-token,okt,OKT Chain
463,koinos,koin,Koinos
464,armor,armor,ARMOR
465,natus-vincere-fan-token,navi,Natus Vincere Fan Token
466,young-boys-fan-token,ybo,Young Boys Fan Token
467,bitcicoin,bitci,Bitcicoin
468,filda,filda,Filda
469,g999,g999,G999
470,nitroex,ntx,NitroEX
471,qiswap,qi,QiSwap
472,prcy-coin,prcy,PRivaCY Coin
473,filestar,star,FileStar
474,nodestats,ns,Nodestats
475,symbol,xym,Symbol
476,bifrost,bfc,Bifrost
477,taraxa,tara,Taraxa
478,pastel,psl,Pastel
479,scholarship-coin,scho,Scholarship Coin
480,uno-re,uno,Uno Re
481,alliance-fan-token,all,Alliance Fan Token
482,internet-computer,icp,Internet Computer
483,shyft-network-2,shft,Shyft Network
484,aioz-network,aioz,AIOZ Network
485,chia,xch,Chia
486,moonriver,movr,Moonriver
487,the-crypto-prophecies,tcp,The Crypto Prophecies
488,swapdex,sdxb,SwapDEX
489,28vck,vck,28VCK
490,goztepe-s-k-fan-token,goz,Göztepe S.K. Fan Token
491,pkt,pkt,PKT
492,raptor-finance-2,rptr,Raptor Finance
493,lavax-labs,lavax,LavaX Labs
494,trustbase,tbe,TrustBase
495,solrise-finance,slrs,Solrise Finance
496,karura,kar,Karura
497,manchester-city-fan-token,city,Manchester City Fan Token
498,classzz,czz,ClassZZ
499,gold-secured-currency,gsx,Gold Secured Currency
500,dekbox,dek,DekBox
501,starcoin,stc,Starcoin
502,omchain,omc,Omchain
503,draken,drk,Draken
504,loungem,lzm,LoungeM
505,deso,deso,Decentralized Social
506,onomy-protocol,nom,Onomy Protocol
507,signum,signa,Signum
508,ecash,xec,eCash
509,alfa-romeo-racing-orlen-fan-token,sauber,Alfa Romeo Racing ORLEN Fan Token
510,ethdown,ethdown,ETHDOWN
511,yin-finance,yin,YIN Finance
512,takamaka-green-coin,tkg,Takamaka
513,electric-cash,elcash,Electric Cash
514,saber,sbr,Saber
515,sukhavati-network,skt,Sukhavati Network
516,tokemak,toke,Tokemak
517,metamui,mmui,MetaMUI
518,sakura,sku,Sakura
519,the-open-network,ton,Toncoin
520,shiden,sdn,Shiden Network
521,arsenal-fan-token,afc,Arsenal Fan Token
522,levante-ud-fan-token,lev,Levante U.D. Fan Token
523,kava-swap,swp,Kava Swap
524,ovato,ovo,Ovato
525,megatech,mgt,Megatech
526,cricket-foundation,cric,Cricket Foundation
527,wrapped-near,wnear,Wrapped Near
528,ref-finance,ref,Ref Finance
529,pocket-network,pokt,Pocket Network
530,radix,xrd,Radix
531,aleph-zero,azero,Aleph Zero
532,sundaeswap,sundae,SundaeSwap
533,fruits,frts,Fruits
534,songbird,sgb,Songbird
535,altair,air,Altair
536,osmosis,osmo,Osmosis
537,bantu,xbn,Bantu
538,raptoreum,rtm,Raptoreum
539,dbx-2,dbx,DBX
540,ducatus,ducx,DucatusX
541,decimal,del,Decimal
542,lox-network,lox,Lox Network
543,ttcoin,tc,TTcoin
544,subdao,gov,SubDAO
545,astar,astr,Astar
546,parallel-finance,para,Parallel Finance
547,synchrony,scy,Synchrony
548,plug-chain,pc,Plug Chain
549,zeitgeist,ztg,Zeitgeist
550,xrdoge,xrdoge,XRdoge
551,basilisk,bsx,Basilisk
552,kintsugi,kint,Kintsugi
553,quartz,qtz,Quartz
554,unique-network,unq,Unique Network
555,phoenix-global,phb,Phoenix
556,secretum,ser,Secretum
557,ronin,ron,Ronin
558,metaverse-network-pioneer,neer,Metaverse.Network Pioneer
559,juno-network,juno,JUNO
560,adonis-2,adon,Adonis
561,cypherium,cph,Cypherium
562,boba-network,boba,Boba Network
563,aok,aok,AOK
564,reallink,real,RealLink
565,the-coop-network,gmd,The Coop Network
566,shimmer,smr,Shimmer
567,alephium,alph,Alephium
568,witnet,wit,Witnet
569,napoli-fan-token,nap,Napoli Fan Token
570,chives-coin,xcc,Chives Coin
571,kujira,kuji,Kujira
572,onus,onus,ONUS
573,calamari-network,kma,Calamari Network
574,rizon,atolo,RIZON
575,lithosphere,litho,Lithosphere
576,qitmeer-network,meer,Qitmeer Network
577,dash-diamond,dashd,Dash Diamond
578,bytz,bytz,BYTZ
579,bitkub-coin,kub,Bitkub Coin
580,dingocoin,dingo,Dingocoin
581,phaeton,phae,Phaeton
582,coreum,coreum,Coreum
583,trisolaris,tri,Trisolaris
584,monster-galaxy,ggm,Monster Galaxy
585,wrapped-elrond,wegld,Wrapped EGLD
586,nesten,nit,Nesten
587,cleardao,clh,ClearDAO
588,crown-sovereign,csov,Crown Sovereign
589,qitchain-network,qtc,Qitcoin
590,froyo-games,froyo,Froyo Games
591,mei-flex,mf,Mei Flex
592,ambire-wallet,wallet,Ambire Wallet
593,vsolidus,vsol,VSolidus
594,shibanft,shibanft,ShibaNFT
595,origyn-foundation,ogy,ORIGYN Foundation
596,rubix,rbt,Rubix
597,concordium,ccd,Concordium
598,iron-fish,iron,Iron Fish
599,parex,prx,Parex
600,kunci-coin,kunci,Kunci Coin
601,indigg,indi,IndiGG
602,rubidium,rbd,Rubidium
603,echidna,ecd,Echidna
604,amazon-tokenized-stock-defichain,damzn,Amazon Tokenized Stock Defichain
605,netflix-tokenized-stock-defichain,dnflx,Netflix Tokenized Stock Defichain
606,qqq-tokenized-stock-defichain,dqqq,Invesco QQQ Trust Defichain
607,treasury-bond-eth-tokenized-stock-defichain,dtlt,iShares 20+ Year Treasury Bond ETF Defichain
608,energy-efficient-mortgage-tokenized-stock-defichain,deem,iShares MSCI Emerging Markets ETF Defichain
609,vanguard-sp-500-etf-tokenized-stock-defichain,dvoo,Vanguard S&P 500 ETF Tokenized Stock Defichain
610,vanguard-real-estate-tokenized-stock-defichain,dvnq,Vanguard Real Estate Tokenized Stock Defichain
611,apple-tokenized-stock-defichain,daapl,Apple Tokenized Stock Defichain
612,ishares-msci-world-etf-tokenized-stock-defichain,durth,iShares MSCI World ETF Tokenized Stock Defichain
613,silver-tokenized-stock-defichain,dslv,iShares Silver Trust Defichain
614,thought,tht,Thought
615,dtsla,dtsla,Tesla Tokenized Stock Defichain
616,salmonation,sui,Salmonation
617,meverse,mev,MEVerse
618,wrapped-elastos,wela,Wrapped Elastos
619,neofi,neofi,NeoFi
620,farmers-world-wood,fww,Farmers World Wood
621,paribu-net,prb,Paribu Net
622,bitone,bio,BITONE
623,gamestop-tokenized-stock-defichain,dgme,GameStop Tokenized Stock Defichain
624,nvidia-tokenized-stock-defichain,dnvda,Nvidia Tokenized Stock Defichain
625,palantir-tokenized-stock-defichain,dpltr,Palantir Tokenized Stock Defichain
626,pdbc-defichain,dpdbc,PDBC Defichain
627,microsoft-tokenized-stock-defichain,dmsft,Microsoft Tokenized Stock Defichain
628,facebook-tokenized-stock-defichain,dfb,Facebook Tokenized Stock Defichain
629,winerz,$wnz,Winerz
630,xiden,xden,Xiden
631,cryptounit,cru,Cryptounit
632,hurricane-nft,nhct,Hurricane NFT
633,edain,eai,Edain
634,usdh,usdh,USDH
635,artl,artl,ARTL
636,ryoma,ryoma,Ryoma
637,rei-network,rei,REI Network
638,aria-currency,ria,aRIA Currency
639,pando-usd,pusd,Pando USD
640,evmos,evmos,Evmos
641,xodex,xodex,Xodex
642,graphen,eltg,Graphen
643,wonderman-nation,wndr,Wonderman Nation
644,caduceus,cmp,Caduceus
645,dotori,dtr,Dotori
646,afkdao,afk,AFKDAO
647,bikerush,brt,Bikerush
648,terra-luna-2,luna,Terra
649,polymesh,polyx,Polymesh
650,kaspa,kas,Kaspa
651,malinka,mlnk,Malinka
652,forta,fort,Forta
653,klever-finance,kfi,Klever Finance
654,ramestta,rama,Ramestta
655,holonus,hln,Holonus
656,decred-next,dcrn,Decred-Next
657,neoxa,neox,Neoxa
658,gictrade,gict,GICTrade
659,xtusd,xtusd,XT Stablecoin XTUSD
660,pmg-coin,pmg,PMG Coin
661,volare-network,volr,Volare Network
662,ethereum-pow-iou,ethw,EthereumPoW
663,crazy-internet-coin,cic,Crazy Internet Coin
664,seiren-games-network,serg,Seiren Games Network
665,redlight-chain,redlc,Redlight Chain
666,canto,canto,CANTO
667,mundocrypto,mct,Mundocrypto
668,hyperonchain,hpn,HyperonChain
669,nada-protocol-token,nada,NADA Protocol Token
670,hedge-usd,ush,Hedge USD
671,aptos,apt,Aptos
672,lingose,ling,Lingose
673,optical-bitcoin,obtc,Optical Bitcoin
674,ethereumfair,ethf,EthereumFair
675,point-network,point,Point Network
676,pixie,pix,Pixie
677,veritise,vts,Veritise
678,mobix,mobx,MOBIX
679,egg-n-partners,eggt,Egg N Partners
680,ecredits,ecs,eCredits
681,coin-edelweis,edel,Coin Edelweis
682,qie,qie,QI Blockchain
683,bitindi-chain,bni,Bitindi Chain
684,bontecoin,bonte,Bontecoin
685,proton-loan,loan,Proton Loan
686,soonaverse,soon,Soonaverse
687,oasys,oas,Oasys
688,cloudtx,cloud,CloudTx
689,xpla,xpla,XPLA
690,wcapes,wca,WCAPES
691,nirvana-chain,nac,Nirvana Chain
692,kingaru,kru,Kingaru
693,babacoin,bbc,Babacoin
694,fonsmartchain,fon,FONSmartChain
695,trice,tri,Trice
696,contents-shopper-token,cst,Contents Shopper Token
697,utopia-usd,uusd,Utopia USD
698,parallelchain,xpll,ParallelChain
699,crypworld,cwc,CrypWorld
700,fncy,fncy,FNCY
701,dynex,dnx,Dynex
702,radiant,rxd,Radiant
703,bittensor,tao,Bittensor
704,honeywood,cone,HoneyWood
705,kingdomverse,king,Kingdomverse
706,coredaoorg,core,Core
707,tupan,tupan,Tupan
708,plc-ultima,plcu,PLC Ultima
709,giant-mammoth,gmmt,Giant Mammoth
710,nexacoin,nexa,Nexa
711,wrapped-conflux,wcfx,Wrapped Conflux
712,imayc,imayc,IMAYC
713,ftx-users-debt,fud,FTX Users' Debt
714,reserveblock,rbx,ReserveBlock
715,pendulum-chain,pen,Pendulum
716,ozonechain,ozone,Ozonechain
717,amazewallet,amt,AmazeToken
718,humanode,hmnd,Humanode
719,bitcoinvb,btcvb,BitcoinVB
720,ovo-nft-platform,ovo,OVO
721,acorn-protocol,acn,Acorn Protocol
722,marvellex-classic,mlxc,Marvellex Classic
723,renec,renec,RENEC
724,octaspace,octa,OctaSpace
725,sui-iou,sui,Sui (IOU)
726,sabai-ecovers,sabai,Sabai Ecoverse
727,abyss-world,awt,Abyss World
728,etica,eti,Etica
729,nordek,nrk,Nordek
730,mooi-network,mooi,MOOI Network
731,kylacoin,kcn,Kylacoin
732,virtual-trade-token,vtt,Virtual Trade Token
733,tenet-1b000f7b-59cb-4e06-89ce-d62b32d362b9,tenet,TENET
734,salad,sald,Salad
735,wrapped-eos,weos,Wrapped EOS
736,grape-2-2,grp,Grape
737,orbofi-ai,obi,Orbofi AI
738,nals,nals,NALS
739,crypto-emergency,cem,Crypto Emergency
740,crossfi,crfi,CrossFi
741,clore-ai,clore,Clore.ai
742,neutron,ntrn,Neutron
743,neutron-3,ntrn,Neutron
744,playa3ull-games-2,3ull,PLAYA3ULL GAMES
745,alvey-chain,walv,Alvey Chain
746,suiswap,sswp,Suiswap
747,paladeum,plb,Paladeum
748,neurai,xna,Neurai
749,equitypay,eqpay,EquityPay
750,apf-coin,apfc,APF coin
751,lukso-token-2,lyx,LUKSO
752,pego-network-2,pg,PEGO Network
